"","year","emission"
"1","y2016","2268755.4005632"
"2","y2017","5828400.74912269"
"3","y2018","9423629.78435107"
"4","y2019","13215811.3187278"
"5","y2020","17193671.4445923"
"6","y2021","21348860.5794589"
"7","y2022","25657211.1213651"
"8","y2023","30169466.7495318"
"9","y2024","34863878.2741654"
"10","y2025","39747336.4575946"
"11","y2026","44839816.9413336"
"12","y2027","50124081.5624289"
"13","y2028","55647085.7298815"
"14","y2029","61419500.3098541"
"15","y2030","67466981.3221107"
