"","year","GDP"
"1","y2016","1604445480.69656"
"2","y2017","3289069374.31212"
"3","y2018","5057968323.83831"
"4","y2019","6915360468.04895"
"5","y2020","8865675291.54786"
"6","y2021","10913564235.603"
"7","y2022","13063911843.962"
"8","y2023","15321847471.5762"
"9","y2024","17692757583.2038"
"10","y2025","20182298673.8045"
"11","y2026","22796410839.4687"
"12","y2027","25541332035.0586"
"13","y2028","28423613055.6392"
"14","y2029","31450133267.8413"
"15","y2030","34628117146.0024"
