"","year","emission"
"1","y2016","3582986.26445123"
"2","y2017","10266194.4920761"
"3","y2018","17393381.6031189"
"4","y2019","24980874.3082866"
"5","y2020","33049446.4166736"
"6","y2021","41624044.8027562"
"7","y2022","50733619.168559"
"8","y2023","60411035.4330444"
"9","y2024","70693060.2517431"
"10","y2025","81620404.3299053"
"11","y2026","93237817.8915421"
"12","y2027","105594231.649003"
"13","y2028","118742939.476122"
"14","y2029","132741820.156667"
"15","y2030","147653595.948961"
