"","year","GDP"
"1","y2016","384225600.196357"
"2","y2017","786385905.791285"
"3","y2018","1207364886.28627"
"4","y2019","1648090582.03942"
"5","y2020","2109537306.46041"
"6","y2021","2592727958.42922"
"7","y2022","3098736450.23107"
"8","y2023","3628690256.93398"
"9","y2024","4183773093.182"
"10","y2025","4765227723.86708"
"11","y2026","5374358915.19071"
"12","y2027","6012536533.51508"
"13","y2028","6681198798.86214"
"14","y2029","7381855701.23946"
"15","y2030","8116092587.76279"
