"","year","GDP"
"1","y2016","352824425.807966"
"2","y2017","723269545.269927"
"3","y2018","1112216187.77479"
"4","y2019","1520589222.15306"
"5","y2020","1949359758.58252"
"6","y2021","2399547460.67984"
"7","y2022","2872222973.11348"
"8","y2023","3368510470.65795"
"9","y2024","3889590334.65325"
"10","y2025","4436701963.36133"
"11","y2026","5011146722.69613"
"12","y2027","5614291044.70953"
"13","y2028","6247569680.77725"
"14","y2029","6912489117.58942"
"15","y2030","7610631163.88994"
