"","year","emission"
"1","y2015","36276000.6428"
"2","y2016","39858986.9072517"
"3","y2017","46542195.1348765"
"4","y2018","53669382.2459196"
"5","y2019","61256874.9510881"
"6","y2020","69325447.0594754"
"7","y2021","77900045.4455574"
"8","y2022","87009619.8113598"
"9","y2023","96687036.0758459"
"10","y2024","106969060.894545"
"11","y2025","117896404.972707"
"12","y2026","129513818.534344"
"13","y2027","141870232.291805"
"14","y2028","155018940.118924"
"15","y2029","169017820.799469"
"16","y2030","183929596.591763"
