"","year","emission"
"1","y2016","4218454.7643968"
"2","y2017","10957375.5311193"
"3","y2018","18141596.0795081"
"4","y2019","25787032.7640883"
"5","y2020","33914156.6793333"
"6","y2021","42547694.2758131"
"7","y2022","51716438.2092993"
"8","y2023","61453146.5837347"
"9","y2024","71794516.8153159"
"10","y2025","82781220.9133565"
"11","y2026","94457994.8379395"
"12","y2027","106873774.816881"
"13","y2028","120081876.436488"
"14","y2029","134140213.64097"
"15","y2030","149111555.155364"
